cumulative_rewards,euclidian_distance,object_size,regret,time_spent
474.0,0.625,64.0,359.333333333,1.17679905891
395.0,0.625,64.0,438.333333333,1.14594888687
609.0,0.125,64.0,224.333333333,1.17037701607
603.0,0.125,64.0,230.333333333,1.09094810486
502.0,0.625,64.0,331.333333333,1.15475797653
439.0,0.875,64.0,394.333333333,1.14802217484
627.0,0.0625,64.0,206.333333333,1.08297681808
678.0,0.810871743487,64.0,155.333333333,1.12814688683
807.0,0.694639278557,64.0,26.3333333333,1.16672801971
646.0,0.125,64.0,187.333333333,1.16136479378
156.0,0.0625,64.0,677.333333333,1.19721102715
187.0,0.375,64.0,646.333333333,1.181442976
252.0,0.03125,64.0,581.333333333,1.18729281425
270.0,0.9375,64.0,563.333333333,1.13262701035
250.0,0.875,64.0,583.333333333,1.16198992729
396.0,0.8125,64.0,437.333333333,1.20098805428
424.0,0.5625,64.0,409.333333333,1.22531294823
287.0,0.0625,64.0,546.333333333,1.11683392525
576.0,0.8125,64.0,257.333333333,1.35628390312
321.0,0.0216683366733,64.0,512.333333333,1.14031410217
767.0,0.0563627254509,64.0,66.3333333333,1.14096593857
608.0,0.125,64.0,225.333333333,1.09658312798
391.0,0.0625,64.0,442.333333333,1.20580410957
113.0,0.8125,64.0,720.333333333,1.46188807487
660.0,0.125,64.0,173.333333333,1.38075089455
305.0,0.25,64.0,528.333333333,1.28924584389
626.0,0.00926853707415,64.0,207.333333333,1.27369117737
777.0,0.00576152304609,64.0,56.3333333333,1.17218399048
128.0,0.0625,64.0,705.333333333,1.16621804237
735.0,0.060871743487,64.0,98.3333333333,1.10644602776
711.0,0.0964428857715,64.0,122.333333333,1.14387512207
732.0,0.059869739479,64.0,101.333333333,1.19959998131
420.0,0.4375,64.0,413.333333333,1.02373099327
740.0,0.125,64.0,93.3333333333,1.14615392685
750.0,0.103957915832,64.0,83.3333333333,1.12360692024
669.0,0.125,64.0,164.333333333,1.06180906296
355.0,0.875,64.0,478.333333333,1.41439318657
818.0,0.470691382766,64.0,15.3333333333,1.109416008
584.0,0.125,64.0,249.333333333,1.79605579376
598.0,0.375,64.0,235.333333333,1.35726904869
454.0,0.875,64.0,379.333333333,1.40159916878
668.0,0.875,64.0,165.333333333,1.91906499863
669.0,0.0368236472946,64.0,164.333333333,1.45492911339
776.0,0.798847695391,64.0,57.3333333333,1.97075676918
631.0,0.625,64.0,202.333333333,1.55403208733
647.0,0.3125,64.0,186.333333333,1.8531908989
791.0,0.625,64.0,42.3333333333,2.02778911591
395.0,0.0103957915832,64.0,438.333333333,2.44088482857
596.0,0.0625,64.0,237.333333333,1.75842189789
242.0,0.03125,64.0,591.333333333,1.25304889679
745.0,0.0278056112224,64.0,88.3333333333,1.35837697983
213.0,0.6875,64.0,620.333333333,1.36161804199
322.0,0.9375,64.0,511.333333333,1.36953687668
302.0,0.125,64.0,531.333333333,1.3452270031
458.0,0.625,64.0,375.333333333,1.49074602127
285.0,0.0625,64.0,548.333333333,1.13829088211
593.0,0.0131513026052,64.0,240.333333333,1.19673800468
312.0,0.625,64.0,521.333333333,1.22194314003
550.0,0.0625,64.0,283.333333333,1.23139095306
222.0,0.0625,64.0,611.333333333,1.2372481823
651.0,0.00275551102204,64.0,182.333333333,1.08505702019
158.0,0.875,64.0,675.333333333,1.06280207634
734.0,0.063877755511,64.0,99.3333333333,1.11186504364
342.0,0.8125,64.0,491.333333333,1.04188394547
654.0,0.625,64.0,179.333333333,1.07835507393
611.0,0.0625,64.0,222.333333333,1.02667593956
615.0,0.0408316633267,64.0,218.333333333,1.15823507309
319.0,0.5625,64.0,514.333333333,1.0415019989
498.0,0.03125,64.0,335.333333333,1.20655989647
597.0,0.125,64.0,236.333333333,1.94781899452
444.0,0.625,64.0,389.333333333,2.59750199318
779.0,0.0703907815631,64.0,54.3333333333,1.64894008636
431.0,0.524423847695,64.0,402.333333333,2.02049183846
526.0,0.8125,64.0,307.333333333,1.95855283737
535.0,0.625,64.0,298.333333333,1.86647987366
644.0,0.862975951904,64.0,189.333333333,1.56207489967
580.0,0.625,64.0,253.333333333,3.23266506195
467.0,0.25,64.0,366.333333333,1.97110295296
304.0,0.375,64.0,529.333333333,2.48125815392
335.0,0.375,64.0,498.333333333,1.41881084442
519.0,0.00676352705411,64.0,314.333333333,1.6093518734
594.0,0.125,64.0,239.333333333,2.29177498817
628.0,0.125,64.0,205.333333333,2.19765901566
88.0,0.875,64.0,745.333333333,2.31623005867
729.0,0.0305611222445,64.0,104.333333333,2.10142111778
532.0,0.00676352705411,64.0,301.333333333,1.99472689629
761.0,0.222695390782,64.0,72.3333333333,1.12359690666
762.0,0.226703406814,64.0,71.3333333333,1.44697904587
116.0,0.25,64.0,717.333333333,1.66776609421
623.0,0.0209168336673,64.0,210.333333333,1.37817502022
567.0,0.0625,64.0,266.333333333,1.44460296631
603.0,0.0344438877756,64.0,230.333333333,1.3393638134
267.0,0.03125,64.0,566.333333333,1.3359670639
806.0,0.0804108216433,64.0,27.3333333333,1.311439991
695.0,0.0341933867735,64.0,138.333333333,1.52337908745
310.0,0.875,64.0,523.333333333,1.33873200417
781.0,0.0774048096192,64.0,52.3333333333,1.76525688171
340.0,0.0424599198397,64.0,493.333333333,1.45669198036
479.0,0.875,64.0,354.333333333,1.67681193352
503.0,0.375,64.0,330.333333333,1.55530714989
152.0,0.0625,64.0,681.333333333,2.16825199127
451.0,0.665831663327,64.0,382.333333333,2.20901203156
137.0,0.75,64.0,696.333333333,1.30966687202
75.0,0.03125,64.0,758.333333333,1.68724489212
616.0,0.0151553106212,64.0,217.333333333,1.39764595032
705.0,0.0543587174349,64.0,128.333333333,1.15162396431
599.0,0.0593687374749,64.0,234.333333333,1.21066689491
709.0,0.00112725450902,64.0,124.333333333,1.32428097725
205.0,0.1875,64.0,628.333333333,2.09996795654
592.0,0.03125,64.0,241.333333333,1.63051700592
325.0,0.625,64.0,508.333333333,1.41208004951
529.0,0.00876753507014,64.0,304.333333333,1.39881801605
113.0,0.0625,64.0,720.333333333,1.59948396683
697.0,0.0202905811623,64.0,136.333333333,1.34868097305
258.0,0.59375,64.0,575.333333333,1.46677398682
807.0,0.0132765531062,64.0,26.3333333333,1.24467206001
590.0,0.0348196392786,64.0,243.333333333,1.29035687447
413.0,0.0625,64.0,420.333333333,1.73354697227
384.0,0.0625,64.0,449.333333333,1.30663490295
592.0,0.125,64.0,241.333333333,1.50868105888
702.0,0.25,64.0,131.333333333,1.49227404594
472.0,0.375,64.0,361.333333333,1.90941905975
333.0,0.0625,64.0,500.333333333,1.38800501823
557.0,0.0625,64.0,276.333333333,1.39669704437
274.0,0.125,64.0,559.333333333,1.19536495209
174.0,0.25,64.0,659.333333333,1.40524506569
599.0,0.125,64.0,234.333333333,1.37812304497
727.0,0.0804108216433,64.0,106.333333333,1.27587985992
463.0,0.625,64.0,370.333333333,1.16421914101
763.0,0.0155310621242,64.0,70.3333333333,1.3652639389
34.0,0.0625,64.0,799.333333333,1.17099690437
667.0,0.621367735471,64.0,166.333333333,1.23053193092
17.0,0.03125,64.0,816.333333333,1.2078359127
264.0,0.125,64.0,569.333333333,1.14613485336
46.0,0.0625,64.0,787.333333333,1.15554213524
691.0,0.576903807615,64.0,142.333333333,1.51840806007
688.0,0.125,64.0,145.333333333,1.31839585304
551.0,0.0167835671343,64.0,282.333333333,1.1211078167
599.0,0.125,64.0,234.333333333,1.13546204567
701.0,0.125,64.0,132.333333333,1.10250401497
139.0,0.0625,64.0,694.333333333,1.12103199959
739.0,0.0258016032064,64.0,94.3333333333,1.05507302284
366.0,0.375,64.0,467.333333333,1.17018699646
794.0,0.560871743487,64.0,39.3333333333,1.23658394814
594.0,0.625,64.0,239.333333333,1.39603805542
566.0,0.1875,64.0,267.333333333,1.18452906609
581.0,0.00688877755511,64.0,252.333333333,1.2417640686
196.0,0.0404559118236,64.0,637.333333333,1.28000283241
757.0,0.625,64.0,76.3333333333,1.32537198067
677.0,0.0554859719439,64.0,156.333333333,1.09735202789
649.0,0.0508517034068,64.0,184.333333333,1.26227593422
145.0,0.625,64.0,688.333333333,1.39633607864
721.0,0.0879258517034,64.0,112.333333333,1.34728693962
589.0,0.00688877755511,64.0,244.333333333,1.37216114998
345.0,0.290455911824,64.0,488.333333333,1.23307299614
468.0,0.899423847695,64.0,365.333333333,1.05450892448
289.0,0.0625,64.0,544.333333333,1.29328989983
425.0,0.000375751503006,64.0,408.333333333,1.31804180145
412.0,0.625,64.0,421.333333333,1.29084587097
186.0,0.3125,64.0,647.333333333,1.29520511627
405.0,0.62255761523,64.0,428.333333333,1.30448198318
171.0,0.84375,64.0,662.333333333,1.12313485146
330.0,0.9375,64.0,503.333333333,1.12157893181
349.0,0.0625,64.0,484.333333333,1.03352618217
758.0,0.0468436873747,64.0,75.3333333333,1.7077319622
624.0,0.0408316633267,64.0,209.333333333,1.66765403748
278.0,0.0625,64.0,555.333333333,1.18545389175
781.0,0.0253006012024,64.0,52.3333333333,1.15517711639
800.0,0.563627254509,64.0,33.3333333333,1.26356196404
103.0,0.75,64.0,730.333333333,1.39081501961
464.0,0.75,64.0,369.333333333,2.03490591049
749.0,0.0438376753507,64.0,84.3333333333,1.73983883858
286.0,0.90625,64.0,547.333333333,2.37976408005
652.0,0.0553607214429,64.0,181.333333333,1.85960483551
391.0,0.25,64.0,442.333333333,2.67672991753
280.0,0.0625,64.0,553.333333333,1.32686305046
581.0,0.125,64.0,252.333333333,1.26220798492
766.0,0.0423346693387,64.0,67.3333333333,1.28035998344
582.0,0.599323647295,64.0,251.333333333,1.32727503777
625.0,0.25,64.0,208.333333333,1.51863503456
265.0,0.375,64.0,568.333333333,1.15667104721
670.0,0.0167835671343,64.0,163.333333333,1.36462187767
587.0,0.125,64.0,246.333333333,1.26026988029
722.0,0.116983967936,64.0,111.333333333,1.56256008148
76.0,0.4375,64.0,757.333333333,1.69743084908
590.0,0.125,64.0,243.333333333,2.14625000954
784.0,0.0127755511022,64.0,49.3333333333,1.88751912117
760.0,0.0338176352705,64.0,73.3333333333,2.26034784317
641.0,0.0349448897796,64.0,192.333333333,1.95333790779
326.0,0.03125,64.0,507.333333333,1.1920800209
452.0,0.8125,64.0,381.333333333,1.22037911415
694.0,0.125,64.0,139.333333333,1.36272597313
169.0,0.8125,64.0,664.333333333,1.80683994293
703.0,0.0335671342685,64.0,130.333333333,1.0502550602
708.0,0.0328156312625,64.0,125.333333333,1.75632691383
388.0,0.03125,64.0,445.333333333,1.45336914062
551.0,0.75,64.0,282.333333333,1.35313510895
750.0,0.0979458917836,64.0,83.3333333333,2.05073595047
589.0,0.125,64.0,244.333333333,1.37984490395
596.0,0.0127755511022,64.0,237.333333333,1.68831896782
769.0,0.0117735470942,64.0,64.3333333333,1.59268188477
477.0,0.375,64.0,356.333333333,1.88788580894
268.0,0.4375,64.0,565.333333333,1.70669698715
659.0,0.564879759519,64.0,174.333333333,1.29913902283
604.0,0.125,64.0,229.333333333,1.28438711166
656.0,0.59493987976,64.0,177.333333333,1.19316101074
308.0,0.375,64.0,525.333333333,1.25438785553
597.0,0.125,64.0,236.333333333,1.16593313217
660.0,0.0273046092184,64.0,173.333333333,1.161714077
254.0,0.0625,64.0,579.333333333,1.12288188934
296.0,0.625,64.0,537.333333333,1.14144587517
51.0,0.015625,64.0,782.333333333,1.22533202171
234.0,0.00839178356713,64.0,599.333333333,1.09106206894
352.0,0.0625,64.0,481.333333333,1.11873102188
610.0,0.375,64.0,223.333333333,1.17912507057
514.0,0.0625,64.0,319.333333333,1.14780592918
292.0,0.0625,64.0,541.333333333,1.1377658844
302.0,0.125,64.0,531.333333333,1.48819208145
626.0,0.790831663327,64.0,207.333333333,1.27668404579
351.0,0.375,64.0,482.333333333,1.26383304596
506.0,0.625,64.0,327.333333333,1.25882315636
712.0,0.851327655311,64.0,121.333333333,1.36294007301
698.0,0.483091182365,64.0,135.333333333,2.02739214897
492.0,0.75,64.0,341.333333333,1.14103102684
582.0,0.125,64.0,251.333333333,1.16728901863
737.0,0.063877755511,64.0,96.3333333333,1.18955898285
611.0,0.0625,64.0,222.333333333,1.07187891006
675.0,0.0117735470942,64.0,158.333333333,1.07677984238
770.0,0.063877755511,64.0,63.3333333333,1.17051005363
300.0,0.9375,64.0,533.333333333,1.16761517525
600.0,0.125,64.0,233.333333333,1.1603178978
739.0,0.0463426853707,64.0,94.3333333333,1.12907409668
430.0,0.875,64.0,403.333333333,1.40897488594
705.0,0.0135270541082,64.0,128.333333333,1.03280496597
638.0,0.492735470942,64.0,195.333333333,1.51957798004
407.0,0.6875,64.0,426.333333333,1.63925909996
683.0,0.125,64.0,150.333333333,1.2190990448
715.0,0.0548597194389,64.0,118.333333333,1.06632614136
114.0,0.59375,64.0,719.333333333,1.29631900787
773.0,0.166583166333,64.0,60.3333333333,1.67233395576
633.0,0.0167835671343,64.0,200.333333333,1.84239697456
584.0,0.125,64.0,249.333333333,1.26493406296
614.0,0.0625,64.0,219.333333333,1.30621695518
314.0,0.8125,64.0,519.333333333,1.36590409279
697.0,0.0155310621242,64.0,136.333333333,1.69538998604
556.0,0.568887775551,64.0,277.333333333,2.26233506203
647.0,0.0231713426854,64.0,186.333333333,3.05623197556
356.0,0.0625,64.0,477.333333333,1.87770318985
336.0,0.125,64.0,497.333333333,2.76497888565
180.0,0.9375,64.0,653.333333333,3.38202095032
683.0,0.0195390781563,64.0,150.333333333,2.00874996185
111.0,0.0625,64.0,722.333333333,1.57021999359
745.0,0.496743486974,64.0,88.3333333333,1.95125699043
289.0,0.625,64.0,544.333333333,1.31212186813
590.0,0.0227955911824,64.0,243.333333333,1.31204915047
611.0,0.0316883767535,64.0,222.333333333,1.59643697739
134.0,0.03125,64.0,699.333333333,1.22582483292
658.0,0.0733967935872,64.0,175.333333333,1.14565300941
602.0,0.0625,64.0,231.333333333,2.14893198013
682.0,0.0553607214429,64.0,151.333333333,2.00430488586
582.0,0.0625,64.0,251.333333333,2.53500795364
753.0,0.0423346693387,64.0,80.3333333333,1.75104498863
663.0,0.625,64.0,170.333333333,1.72485089302
276.0,0.9375,64.0,557.333333333,1.59418296814
278.0,0.5625,64.0,555.333333333,1.49692988396
758.0,0.0142785571142,64.0,75.3333333333,1.3673620224
538.0,0.125,64.0,295.333333333,2.65308094025
752.0,0.0656312625251,64.0,81.3333333333,2.46049499512
764.0,0.062374749499,64.0,69.3333333333,1.99890995026
80.0,0.0625,64.0,753.333333333,1.75154590607
707.0,0.0433366733467,64.0,126.333333333,1.2987279892
758.0,0.00826653306613,64.0,75.3333333333,1.41751813889
312.0,0.4375,64.0,521.333333333,1.3412630558
572.0,0.00551102204409,64.0,261.333333333,2.76521611214
486.0,0.6875,64.0,347.333333333,2.18578600883
602.0,0.0315631262525,64.0,231.333333333,2.17696118355
364.0,0.0625,64.0,469.333333333,1.97090911865
409.0,0.1875,64.0,424.333333333,1.65591812134
576.0,0.322895791583,64.0,257.333333333,1.78129887581
94.0,0.375,64.0,739.333333333,3.15673995018
719.0,0.00688877755511,64.0,114.333333333,1.24250483513
238.0,0.96875,64.0,595.333333333,1.40077996254
681.0,0.24624248497,64.0,152.333333333,2.07914400101
764.0,0.0197895791583,64.0,69.3333333333,1.19845819473
245.0,0.0625,64.0,588.333333333,1.51938009262
541.0,0.191883767535,64.0,292.333333333,1.90709495544
303.0,0.0508517034068,64.0,530.333333333,1.39675617218
486.0,0.875,64.0,347.333333333,1.82536792755
402.0,0.0625,64.0,431.333333333,2.45891809464
707.0,0.00726452905812,64.0,126.333333333,1.51441192627
763.0,0.4375,64.0,70.3333333333,1.9235830307
611.0,0.875,64.0,222.333333333,1.43905496597
499.0,0.125,64.0,334.333333333,1.36757588387
699.0,0.774799599198,64.0,134.333333333,1.23063111305
295.0,0.284443887776,64.0,538.333333333,1.30934906006
291.0,0.0625,64.0,542.333333333,1.50915002823
36.0,0.546875,64.0,797.333333333,2.66103196144
658.0,0.00475951903808,64.0,175.333333333,2.47680306435
626.0,0.0318136272545,64.0,207.333333333,1.49170517921
634.0,0.152054108216,64.0,199.333333333,1.25833201408
764.0,0.0516032064128,64.0,69.3333333333,1.54021000862
741.0,0.0139028056112,64.0,92.3333333333,1.66018414497
566.0,0.0625,64.0,267.333333333,1.19325017929
140.0,0.0625,64.0,693.333333333,1.16020989418
780.0,0.18123747495,64.0,53.3333333333,1.17586112022
240.0,0.9375,64.0,593.333333333,1.29285907745
642.0,0.0413326653307,64.0,191.333333333,1.3978099823
423.0,0.6875,64.0,410.333333333,1.26920700073
774.0,0.064378757515,64.0,59.3333333333,1.14790916443
662.0,0.115981963928,64.0,171.333333333,1.1734650135
368.0,0.6875,64.0,465.333333333,1.58678913116
635.0,0.875,64.0,198.333333333,1.18978905678
357.0,0.0625,64.0,476.333333333,1.26954102516
739.0,0.0122745490982,64.0,94.3333333333,1.31165790558
788.0,0.0799098196393,64.0,45.3333333333,1.21463513374
249.0,0.875,64.0,584.333333333,1.13214588165
305.0,0.875,64.0,528.333333333,1.40676999092
665.0,0.0129008016032,64.0,168.333333333,1.16529798508
590.0,0.0625,64.0,243.333333333,1.19370079041
291.0,0.725951903808,64.0,542.333333333,1.12365412712
566.0,0.125,64.0,267.333333333,1.04443097115
377.0,0.03125,64.0,456.333333333,1.11740207672
728.0,0.0107715430862,64.0,105.333333333,1.31672501564
376.0,0.5625,64.0,457.333333333,1.15970897675
277.0,0.0063877755511,64.0,556.333333333,1.22488617897
688.0,0.00375751503006,64.0,145.333333333,1.27311992645
589.0,0.0247995991984,64.0,244.333333333,1.52137899399
448.0,0.125,64.0,385.333333333,1.67835712433
513.0,0.5625,64.0,320.333333333,1.19067311287
740.0,0.0288076152305,64.0,93.3333333333,1.27911400795
761.0,0.128006012024,64.0,72.3333333333,1.87978887558
657.0,0.5625,64.0,176.333333333,1.3433599472
280.0,0.0625,64.0,553.333333333,1.18370294571
684.0,0.104458917836,64.0,149.333333333,1.09388303757
406.0,0.0625,64.0,427.333333333,1.15392804146
375.0,0.0625,64.0,458.333333333,1.14299798012
499.0,0.625,64.0,334.333333333,1.08695006371
810.0,0.460671342685,64.0,23.3333333333,1.1438601017
541.0,0.625,64.0,292.333333333,1.07550883293
407.0,0.368987975952,64.0,426.333333333,1.07183790207
564.0,0.8125,64.0,269.333333333,1.21631908417
101.0,0.0625,64.0,732.333333333,1.99628400803
288.0,0.0625,64.0,545.333333333,1.77707290649
565.0,0.875,64.0,268.333333333,1.15467500687
505.0,0.875,64.0,328.333333333,1.24757289886
760.0,0.0323146292585,64.0,73.3333333333,1.56876802444
240.0,0.59375,64.0,593.333333333,1.95432400703
525.0,0.875,64.0,308.333333333,1.70877599716
516.0,0.05999498998,64.0,317.333333333,1.61731600761
60.0,0.25,64.0,773.333333333,1.38628387451
51.0,0.96875,64.0,782.333333333,1.380412817
215.0,0.625,64.0,618.333333333,1.27123498917
796.0,0.0926853707415,64.0,37.3333333333,1.17599797249
363.0,0.0625,64.0,470.333333333,1.39666604996
532.0,0.490731462926,64.0,301.333333333,1.20394301414
791.0,0.00951903807615,64.0,42.3333333333,1.27056789398
365.0,0.375,64.0,468.333333333,1.19942903519
320.0,0.0625,64.0,513.333333333,1.2662551403
613.0,0.125,64.0,220.333333333,1.33433699608
174.0,0.8125,64.0,659.333333333,1.17019200325
69.0,0.03125,64.0,764.333333333,1.66358304024
658.0,0.0144038076152,64.0,175.333333333,3.18803405762
772.0,0.0303106212425,64.0,61.3333333333,1.75530290604
92.0,0.96875,64.0,741.333333333,1.8708319664
749.0,0.0779058116232,64.0,84.3333333333,1.9019920826
509.0,0.125,64.0,324.333333333,2.19882392883
503.0,0.3125,64.0,330.333333333,2.38489198685
655.0,0.8125,64.0,178.333333333,1.27019500732
87.0,0.9375,64.0,746.333333333,1.25531101227
604.0,0.125,64.0,229.333333333,1.22126197815
597.0,0.0625,64.0,236.333333333,1.09351706505
730.0,0.625,64.0,103.333333333,1.09652304649
473.0,0.0625,64.0,360.333333333,1.22344207764
348.0,0.375,64.0,485.333333333,1.13373994827
445.0,0.0625,64.0,388.333333333,1.09414315224
763.0,0.0916833667335,64.0,70.3333333333,1.48825001717
413.0,0.6875,64.0,420.333333333,1.30462217331
729.0,0.00945641282565,64.0,104.333333333,1.08897900581
573.0,0.125,64.0,260.333333333,1.36181521416
189.0,0.3125,64.0,644.333333333,1.44734287262
557.0,0.125,64.0,276.333333333,1.27836608887
623.0,0.6875,64.0,210.333333333,1.10593986511
447.0,0.9375,64.0,386.333333333,1.17270088196
336.0,0.0625,64.0,497.333333333,1.42246198654
98.0,0.0625,64.0,735.333333333,1.24525499344
583.0,0.715931863727,64.0,250.333333333,1.41732311249
673.0,0.0513527054108,64.0,160.333333333,1.49699783325
690.0,0.0186623246493,64.0,143.333333333,1.74922299385
439.0,0.625,64.0,394.333333333,1.69663095474
727.0,0.820891783567,64.0,106.333333333,1.16340994835
588.0,0.0625,64.0,245.333333333,1.3883600235
748.0,0.101953907816,64.0,85.3333333333,1.39999103546
709.0,0.126002004008,64.0,124.333333333,1.74920797348
624.0,0.0127755511022,64.0,209.333333333,1.42717695236
432.0,0.875,64.0,401.333333333,1.28045701981
722.0,0.0683867735471,64.0,111.333333333,1.22015500069
578.0,0.125,64.0,255.333333333,1.16924118996
773.0,0.060621242485,64.0,60.3333333333,1.27037596703
718.0,0.0255511022044,64.0,115.333333333,1.30978012085
754.0,0.0488476953908,64.0,79.3333333333,1.43863582611
688.0,0.822895791583,64.0,145.333333333,1.28224611282
193.0,0.0625,64.0,640.333333333,1.21193885803
731.0,0.47870741483,64.0,102.333333333,1.38309383392
596.0,0.125,64.0,237.333333333,1.28690886497
587.0,0.0167835671343,64.0,246.333333333,1.09063696861
449.0,0.5625,64.0,384.333333333,1.10251903534
612.0,0.125,64.0,221.333333333,1.37820196152
746.0,0.0668837675351,64.0,87.3333333333,1.82265901566
776.0,0.0222945891784,64.0,57.3333333333,1.75627493858
717.0,0.0255511022044,64.0,116.333333333,1.31337189674
590.0,0.243173847695,64.0,243.333333333,1.33466601372
578.0,0.562875751503,64.0,255.333333333,1.32754087448
327.0,0.75,64.0,506.333333333,1.2678129673
572.0,0.0625,64.0,261.333333333,1.20678400993
502.0,0.0829158316633,64.0,331.333333333,1.29761695862
702.0,0.100450901804,64.0,131.333333333,1.63427615166
637.0,0.0279308617234,64.0,196.333333333,1.40392494202
568.0,0.0625,64.0,265.333333333,1.08917689323
765.0,0.0413326653307,64.0,68.3333333333,1.46954011917
72.0,0.03125,64.0,761.333333333,1.56162691116
293.0,0.875,64.0,540.333333333,1.41811394691
251.0,0.03125,64.0,582.333333333,1.31522011757
46.0,0.03125,64.0,787.333333333,1.74490404129
748.0,0.0503507014028,64.0,85.3333333333,1.27417397499
793.0,0.000250501002004,64.0,40.3333333333,1.27880907059
335.0,0.5,64.0,498.333333333,1.34103703499
435.0,0.0625,64.0,398.333333333,1.6076259613
455.0,0.875,64.0,378.333333333,1.55302000046
187.0,0.875,64.0,646.333333333,1.58927583694
795.0,0.00125250501002,64.0,38.3333333333,1.50111913681
293.0,0.0625,64.0,540.333333333,1.6212310791
545.0,0.0625,64.0,288.333333333,1.70703601837
474.0,0.375,64.0,359.333333333,2.0647649765
38.0,0.0625,64.0,795.333333333,1.74598002434
408.0,0.375,64.0,425.333333333,1.44926118851
384.0,0.125,64.0,449.333333333,1.19170093536
743.0,0.0999498997996,64.0,90.3333333333,1.19162583351
583.0,0.125,64.0,250.333333333,1.31253695488
611.0,0.0625,64.0,222.333333333,1.11296796799
386.0,0.0625,64.0,447.333333333,1.10744714737
251.0,0.0625,64.0,582.333333333,1.11851596832
670.0,0.00150300601202,64.0,163.333333333,1.22480297089
449.0,0.0264278557114,64.0,384.333333333,1.19698786736
430.0,0.40625,64.0,403.333333333,1.12336397171
672.0,0.125,64.0,161.333333333,1.45500087738
406.0,0.324899799599,64.0,427.333333333,1.90831708908
61.0,0.03125,64.0,772.333333333,1.49557709694
770.0,0.171593186373,64.0,63.3333333333,1.66765785217
124.0,0.03125,64.0,709.333333333,1.71308994293
365.0,0.6875,64.0,468.333333333,1.85458707809
784.0,0.00526052104208,64.0,49.3333333333,1.22634983063
367.0,0.0625,64.0,466.333333333,1.8073849678
651.0,0.0102705410822,64.0,182.333333333,1.2649269104
746.0,0.0693887775551,64.0,87.3333333333,1.18844008446
69.0,0.21875,64.0,764.333333333,1.2830529213
88.0,0.03125,64.0,745.333333333,1.31044006348
632.0,0.0132765531062,64.0,201.333333333,1.30611801147
429.0,0.0625,64.0,404.333333333,1.54189801216
797.0,0.415330661323,64.0,36.3333333333,1.48594594002
629.0,0.506763527054,64.0,204.333333333,1.44607186317
495.0,0.625,64.0,338.333333333,1.13943791389
770.0,0.0498496993988,64.0,63.3333333333,1.10463309288
533.0,0.883391783567,64.0,300.333333333,1.2363140583
626.0,0.576903807615,64.0,207.333333333,1.23549985886
641.0,0.0549849699399,64.0,192.333333333,1.23988223076
365.0,0.0625,64.0,468.333333333,1.11467504501
760.0,0.101953907816,64.0,73.3333333333,1.10905194283
690.0,0.118486973948,64.0,143.333333333,1.14983606339
769.0,0.0467184368737,64.0,64.3333333333,1.18625402451
259.0,0.03125,64.0,574.333333333,1.133259058
613.0,0.125,64.0,220.333333333,1.19363594055
320.0,0.75,64.0,513.333333333,1.27208304405
114.0,0.96875,64.0,719.333333333,1.26230883598
419.0,0.875,64.0,414.333333333,1.16179990768
300.0,0.625,64.0,533.333333333,1.21319699287
640.0,0.0369488977956,64.0,193.333333333,1.17875099182
765.0,0.0378256513026,64.0,68.3333333333,1.24987888336
470.0,0.4375,64.0,363.333333333,1.28361582756
699.0,0.0389529058116,64.0,134.333333333,1.385627985
689.0,0.00350701402806,64.0,144.333333333,1.31355023384
573.0,0.0625,64.0,260.333333333,1.44951486588
798.0,0.0283066132265,64.0,35.3333333333,1.28585910797
594.0,0.0315631262525,64.0,239.333333333,1.53004693985
223.0,0.03125,64.0,610.333333333,1.26860880852
566.0,0.0625,64.0,267.333333333,1.29099798203
787.0,0.0844188376754,64.0,46.3333333333,1.18284082413
517.0,0.0369488977956,64.0,316.333333333,1.07368397713
632.0,0.0573647294589,64.0,201.333333333,1.10631394386
521.0,0.8125,64.0,312.333333333,1.26787209511
748.0,0.0523547094188,64.0,85.3333333333,1.31302881241
436.0,0.03125,64.0,397.333333333,1.46784996986
328.0,0.0136523046092,64.0,505.333333333,1.1877579689
566.0,0.125,64.0,267.333333333,1.85742402077
573.0,0.125,64.0,260.333333333,1.0861749649
134.0,0.25,64.0,699.333333333,1.20842695236
181.0,0.8125,64.0,652.333333333,1.2382941246
732.0,0.184869739479,64.0,101.333333333,1.15657114983
347.0,0.25,64.0,486.333333333,1.8580198288
570.0,0.25,64.0,263.333333333,1.42404699326
751.0,0.0493486973948,64.0,82.3333333333,1.35672879219
473.0,0.375,64.0,360.333333333,1.33353114128
554.0,0.625,64.0,279.333333333,1.24709200859
245.0,0.9375,64.0,588.333333333,1.32999396324
752.0,0.0237975951904,64.0,81.3333333333,1.23257398605
409.0,0.0625,64.0,424.333333333,1.2597219944
805.0,0.116983967936,64.0,28.3333333333,1.23914790154
707.0,0.840931863727,64.0,126.333333333,1.1888449192
744.0,0.115731462926,64.0,89.3333333333,1.2552781105
676.0,0.0112725450902,64.0,157.333333333,1.1749792099
730.0,0.665831663327,64.0,103.333333333,1.21423006058
276.0,0.9375,64.0,557.333333333,1.19658899307
285.0,0.868987975952,64.0,548.333333333,1.23856496811
734.0,0.103957915832,64.0,99.3333333333,1.10183215141
525.0,0.00701402805611,64.0,308.333333333,1.17368197441
605.0,0.125,64.0,228.333333333,1.95845890045
622.0,0.828907815631,64.0,211.333333333,1.30270695686
319.0,0.0625,64.0,514.333333333,3.07299900055
325.0,0.6875,64.0,508.333333333,1.51882219315
332.0,0.875,64.0,501.333333333,1.65336608887
140.0,0.53125,64.0,693.333333333,3.4367787838
436.0,0.3125,64.0,397.333333333,2.21437001228
557.0,0.625,64.0,276.333333333,2.34695100784
724.0,0.0254258517034,64.0,109.333333333,1.91359019279
436.0,0.75,64.0,397.333333333,1.71742200851
637.0,0.125,64.0,196.333333333,1.50341892242
432.0,0.625,64.0,401.333333333,1.98273801804
604.0,0.125,64.0,229.333333333,1.92863106728
695.0,0.0418336673347,64.0,138.333333333,1.98228311539
207.0,0.875,64.0,626.333333333,1.5750272274
278.0,0.0164078156313,64.0,555.333333333,1.23697900772
192.0,0.03125,64.0,641.333333333,1.3388800621
612.0,0.125,64.0,221.333333333,1.13911104202
319.0,0.0625,64.0,514.333333333,1.27156996727
389.0,0.0625,64.0,444.333333333,1.20731592178
222.0,0.0625,64.0,611.333333333,1.5003900528
214.0,0.9375,64.0,619.333333333,1.13831305504
594.0,0.0625,64.0,239.333333333,1.18859910965
268.0,0.0625,64.0,565.333333333,1.23611903191
655.0,0.375,64.0,178.333333333,1.10817885399
764.0,0.270791583166,64.0,69.3333333333,1.35934686661
225.0,0.03125,64.0,608.333333333,1.18495988846
442.0,0.00363226452906,64.0,391.333333333,1.21226096153
456.0,0.6875,64.0,377.333333333,1.23036384583
444.0,0.625,64.0,389.333333333,1.1873998642
611.0,0.0108967935872,64.0,222.333333333,1.79219508171
583.0,0.125,64.0,250.333333333,1.19725012779
762.0,0.059493987976,64.0,71.3333333333,2.02606701851
168.0,0.8125,64.0,665.333333333,2.51112103462
768.0,0.0986973947896,64.0,65.3333333333,1.5801692009
725.0,0.0884268537074,64.0,108.333333333,1.23866581917
606.0,0.695891783567,64.0,227.333333333,1.41764903069
672.0,0.0136523046092,64.0,161.333333333,1.40921020508
752.0,0.0523547094188,64.0,81.3333333333,1.41203308105
516.0,0.6875,64.0,317.333333333,1.18111300468
607.0,0.0388276553106,64.0,226.333333333,1.21841788292
524.0,0.03125,64.0,309.333333333,1.31519699097
297.0,0.25,64.0,536.333333333,1.43801784515
748.0,0.14754509018,64.0,85.3333333333,1.30539894104
717.0,0.0388276553106,64.0,116.333333333,1.0930249691
496.0,0.0063877755511,64.0,337.333333333,1.41215896606
572.0,0.125,64.0,261.333333333,1.21690821648
396.0,0.125,64.0,437.333333333,1.44711685181
603.0,0.0368236472946,64.0,230.333333333,1.32649898529
367.0,0.6875,64.0,466.333333333,1.12366890907
437.0,0.3125,64.0,396.333333333,1.47917914391
482.0,0.00839178356713,64.0,351.333333333,1.40321516991
763.0,0.0385771543086,64.0,70.3333333333,1.40430188179
284.0,0.375,64.0,549.333333333,1.25590109825
346.0,0.03125,64.0,487.333333333,1.36781215668
312.0,0.0625,64.0,521.333333333,2.07536911964
599.0,0.375,64.0,234.333333333,2.38685798645
782.0,0.671843687375,64.0,51.3333333333,1.68072605133
526.0,0.875,64.0,307.333333333,1.69557189941
767.0,0.282815631263,64.0,66.3333333333,1.20018100739
505.0,0.6875,64.0,328.333333333,1.2964220047
578.0,0.0413326653307,64.0,255.333333333,1.22503709793
761.0,0.00175350701403,64.0,72.3333333333,1.49906492233
744.0,0.0273046092184,64.0,89.3333333333,1.87308192253
211.0,0.96875,64.0,622.333333333,1.47057104111
494.0,0.00263026052104,64.0,339.333333333,1.61620497704
510.0,0.75,64.0,323.333333333,1.28153800964
584.0,0.0625,64.0,249.333333333,1.22098302841
296.0,0.1875,64.0,537.333333333,1.31451511383
628.0,0.875,64.0,205.333333333,1.30120515823
305.0,0.03125,64.0,528.333333333,1.4437789917
594.0,0.125,64.0,239.333333333,1.4666121006
150.0,0.0625,64.0,683.333333333,1.39678907394
404.0,0.125,64.0,429.333333333,1.2117421627
637.0,0.0167835671343,64.0,196.333333333,1.13825297356
566.0,0.125,64.0,267.333333333,1.08528995514
426.0,0.4375,64.0,407.333333333,1.23977994919
685.0,0.0121492985972,64.0,148.333333333,1.31731700897
681.0,0.0495991983968,64.0,152.333333333,1.23211216927
405.0,0.03125,64.0,428.333333333,1.21271014214
14.0,0.15625,64.0,819.333333333,1.27913689613
369.0,0.8125,64.0,464.333333333,2.16894817352
461.0,0.0625,64.0,372.333333333,3.26339387894
407.0,0.0625,64.0,426.333333333,3.23903918266
479.0,0.0455911823647,64.0,354.333333333,2.76705217361
314.0,0.25,64.0,519.333333333,1.66155481339
654.0,0.0493486973948,64.0,179.333333333,1.46679902077
511.0,0.8125,64.0,322.333333333,1.75222611427
730.0,0.665831663327,64.0,103.333333333,1.82867097855
459.0,0.0625,64.0,374.333333333,1.4926469326
791.0,0.306863727455,64.0,42.3333333333,1.4903459549
605.0,0.00914328657315,64.0,228.333333333,1.51231694221
759.0,0.0919338677355,64.0,74.3333333333,1.28320717812
616.0,0.0625,64.0,217.333333333,1.50631713867
649.0,0.0574899799599,64.0,184.333333333,1.47273302078
623.0,0.125,64.0,210.333333333,1.29689717293
36.0,0.0625,64.0,797.333333333,1.38366699219
763.0,0.0403306613226,64.0,70.3333333333,1.26327800751
487.0,0.75,64.0,346.333333333,1.30649089813
754.0,0.0378256513026,64.0,79.3333333333,1.49758195877
506.0,0.625,64.0,327.333333333,1.97147607803
584.0,0.125,64.0,249.333333333,1.4023809433
677.0,0.0293086172345,64.0,156.333333333,2.32835483551
722.0,0.000751503006012,64.0,111.333333333,1.66775679588
307.0,0.03125,64.0,526.333333333,1.510668993
773.0,0.625,64.0,60.3333333333,1.3730430603
649.0,0.0625,64.0,184.333333333,1.23267912865
691.0,0.0117735470942,64.0,142.333333333,1.585105896
574.0,0.5625,64.0,259.333333333,1.29195094109
451.0,0.060871743487,64.0,382.333333333,1.33079195023
788.0,0.0217935871743,64.0,45.3333333333,1.34865498543
474.0,0.125,64.0,359.333333333,3.17450404167
269.0,0.0625,64.0,564.333333333,1.54986596107
577.0,0.03125,64.0,256.333333333,1.1756131649
562.0,0.125,64.0,271.333333333,1.17342305183
777.0,0.27880761523,64.0,56.3333333333,1.23750495911
757.0,0.0315631262525,64.0,76.3333333333,1.19774794579
411.0,0.586923847695,64.0,422.333333333,1.28480291367
641.0,0.5625,64.0,192.333333333,1.23456501961
22.0,0.03125,64.0,811.333333333,1.21863913536
595.0,0.125,64.0,238.333333333,1.20988702774
172.0,0.25,64.0,661.333333333,1.18164396286
703.0,0.534819639279,64.0,130.333333333,1.50135612488
143.0,0.03125,64.0,690.333333333,1.30403184891
763.0,0.0518537074148,64.0,70.3333333333,1.17726707458
600.0,0.125,64.0,233.333333333,1.08439993858
550.0,0.5625,64.0,283.333333333,1.76863098145
672.0,0.0443386773547,64.0,161.333333333,1.79726982117
634.0,0.0313126252505,64.0,199.333333333,1.17261910439
698.0,0.0187875751503,64.0,135.333333333,1.25164604187
618.0,0.428481963928,64.0,215.333333333,1.36423802376
515.0,0.0625,64.0,318.333333333,1.25980997086
601.0,0.790831663327,64.0,232.333333333,2.44257903099
803.0,0.00225450901804,64.0,30.3333333333,1.22087001801
640.0,0.0395791583166,64.0,193.333333333,2.13506984711
284.0,0.46875,64.0,549.333333333,1.40934586525
590.0,0.125,64.0,243.333333333,1.17913198471
285.0,0.125,64.0,548.333333333,1.99926495552
270.0,0.0625,64.0,563.333333333,2.3368229866
677.0,0.0205410821643,64.0,156.333333333,1.88119792938
353.0,0.625,64.0,480.333333333,2.1235730648
208.0,0.875,64.0,625.333333333,1.46246504784
186.0,0.125,64.0,647.333333333,1.71286988258
609.0,0.125,64.0,224.333333333,2.79605603218
740.0,0.0804108216433,64.0,93.3333333333,1.94390010834
643.0,0.0249248496994,64.0,190.333333333,1.62283396721
588.0,0.75,64.0,245.333333333,1.50185704231
222.0,0.375,64.0,611.333333333,1.18562507629
774.0,0.062374749499,64.0,59.3333333333,1.20028090477
700.0,0.0175350701403,64.0,133.333333333,1.15342211723
744.0,0.0368236472946,64.0,89.3333333333,1.45398402214
277.0,0.0625,64.0,556.333333333,1.65643215179
82.0,0.03125,64.0,751.333333333,1.39521598816
565.0,0.125,64.0,268.333333333,1.06846690178
600.0,0.0625,64.0,233.333333333,1.33514809608
749.0,0.0197895791583,64.0,84.3333333333,1.16041088104
689.0,0.875,64.0,144.333333333,1.15155410767
30.0,0.046875,64.0,803.333333333,1.37351989746
732.0,0.11497995992,64.0,101.333333333,1.29995298386
613.0,0.0413326653307,64.0,220.333333333,1.31075811386
46.0,0.03125,64.0,787.333333333,1.29420208931
291.0,0.03125,64.0,542.333333333,1.37733197212
564.0,0.0488476953908,64.0,269.333333333,1.26526403427
128.0,0.875,64.0,705.333333333,1.34297680855
64.0,0.03125,64.0,769.333333333,1.2908270359
238.0,0.0625,64.0,595.333333333,1.34456300735
756.0,0.772795591182,64.0,77.3333333333,1.20009279251
575.0,0.0625,64.0,258.333333333,1.27816009521
35.0,0.0625,64.0,798.333333333,1.1857252121
665.0,0.00951903807615,64.0,168.333333333,1.25525808334
770.0,0.0358216432866,64.0,63.3333333333,1.28815889359
584.0,0.125,64.0,249.333333333,1.71919608116
581.0,0.0625,64.0,252.333333333,1.4677271843
451.0,0.125,64.0,382.333333333,1.29103183746
560.0,0.125,64.0,273.333333333,1.19578289986
646.0,0.0269288577154,64.0,187.333333333,1.0924808979
461.0,0.375,64.0,372.333333333,1.26976084709
39.0,0.03125,64.0,794.333333333,1.16068816185
747.0,0.371993987976,64.0,86.3333333333,1.06126379967
631.0,0.125,64.0,202.333333333,1.29430508614
598.0,0.125,64.0,235.333333333,1.38216686249
708.0,0.536823647295,64.0,125.333333333,1.84039783478
825.0,0.688627254509,64.0,8.33333333333,1.28772807121
327.0,0.0625,64.0,506.333333333,1.2516579628
776.0,0.780811623246,64.0,57.3333333333,1.20307612419
663.0,0.375,64.0,170.333333333,1.10740613937
120.0,0.03125,64.0,713.333333333,1.1295170784
755.0,0.625,64.0,78.3333333333,1.09699821472
666.0,0.0295591182365,64.0,167.333333333,1.0943479538
762.0,0.375,64.0,71.3333333333,1.13251709938
422.0,0.0625,64.0,411.333333333,1.09607481956
727.0,0.0583667334669,64.0,106.333333333,1.07622122765
422.0,0.625,64.0,411.333333333,1.10137295723
517.0,0.00563627254509,64.0,316.333333333,1.13314700127
184.0,0.0164078156313,64.0,649.333333333,1.08180499077
201.0,0.6875,64.0,632.333333333,1.39170980453
796.0,0.0876753507014,64.0,37.3333333333,1.28977799416
621.0,0.0625,64.0,212.333333333,1.09102416039
739.0,0.0708917835671,64.0,94.3333333333,1.12080979347
663.0,0.061873747495,64.0,170.333333333,1.18380618095
406.0,0.75,64.0,427.333333333,1.18534588814
663.0,0.0348196392786,64.0,170.333333333,1.14447402954
716.0,0.607339679359,64.0,117.333333333,1.2126288414
507.0,0.0625,64.0,326.333333333,1.02633881569
656.0,0.063376753507,64.0,177.333333333,1.11115813255
699.0,0.0625,64.0,134.333333333,1.07977604866
640.0,0.00676352705411,64.0,193.333333333,1.02111911774
775.0,0.0814128256513,64.0,58.3333333333,1.04531383514
560.0,0.100951903808,64.0,273.333333333,1.05127310753
625.0,0.0232965931864,64.0,208.333333333,1.03410792351
775.0,0.00425851703407,64.0,58.3333333333,1.17621088028
725.0,0.0323146292585,64.0,108.333333333,1.20052909851
721.0,0.0538577154309,64.0,112.333333333,1.10361289978
570.0,0.125,64.0,263.333333333,1.09107398987
714.0,0.105961923848,64.0,119.333333333,1.16154098511
212.0,0.796875,64.0,621.333333333,1.08318901062
778.0,0.0197895791583,64.0,55.3333333333,1.03441810608
695.0,0.0192885771543,64.0,138.333333333,1.11301994324
324.0,0.625,64.0,509.333333333,1.2308151722
622.0,0.0625,64.0,211.333333333,1.20262312889
461.0,0.625,64.0,372.333333333,1.0577750206
207.0,0.78125,64.0,626.333333333,1.05032300949
597.0,0.0625,64.0,236.333333333,1.18958091736
398.0,0.0625,64.0,435.333333333,1.03911113739
528.0,0.834919839679,64.0,305.333333333,1.14804792404
433.0,0.0625,64.0,400.333333333,1.08785796165
297.0,0.1875,64.0,536.333333333,1.31375217438
591.0,0.0625,64.0,242.333333333,1.16272115707
294.0,0.0625,64.0,539.333333333,1.19374012947
692.0,0.125,64.0,141.333333333,1.17458105087
687.0,0.875,64.0,146.333333333,1.20357918739
517.0,0.125,64.0,316.333333333,1.22283697128
669.0,0.625,64.0,164.333333333,1.08976507187
221.0,0.1875,64.0,612.333333333,1.09698081017
582.0,0.00914328657315,64.0,251.333333333,1.06806898117
619.0,0.25,64.0,214.333333333,1.05607295036
785.0,0.0518537074148,64.0,48.3333333333,1.18968391418
48.0,0.03125,64.0,785.333333333,1.18480706215
630.0,0.125,64.0,203.333333333,1.57082915306
399.0,0.875,64.0,434.333333333,1.74126601219
473.0,0.625,64.0,360.333333333,1.13090181351
507.0,0.125,64.0,326.333333333,1.04203414917
699.0,0.000250501002004,64.0,134.333333333,1.14031720161
246.0,0.015625,64.0,587.333333333,1.14858293533
371.0,0.25,64.0,462.333333333,1.09740996361
594.0,0.0329408817635,64.0,239.333333333,1.05066800117
254.0,0.375,64.0,579.333333333,1.05122590065
614.0,0.125,64.0,219.333333333,1.142152071
583.0,0.0625,64.0,250.333333333,1.14139986038
683.0,0.116482965932,64.0,150.333333333,1.19897890091
400.0,0.125,64.0,433.333333333,1.12202501297
758.0,0.730711422846,64.0,75.3333333333,1.16902208328
398.0,0.125,64.0,435.333333333,1.0992269516
754.0,0.0423346693387,64.0,79.3333333333,1.08010101318
686.0,0.0433366733467,64.0,147.333333333,1.10812592506
745.0,0.138026052104,64.0,88.3333333333,1.19883608818
804.0,0.0578657314629,64.0,29.3333333333,1.17349696159
284.0,0.0625,64.0,549.333333333,1.19093298912
18.0,0.03125,64.0,815.333333333,1.33798503876
68.0,0.0625,64.0,765.333333333,1.27743411064
345.0,0.0625,64.0,488.333333333,1.23908400536
701.0,0.375,64.0,132.333333333,1.23993992805
280.0,0.0103957915832,64.0,553.333333333,1.2153980732
458.0,0.875,64.0,375.333333333,1.24505090714
569.0,0.0235470941884,64.0,264.333333333,1.20820713043
592.0,0.00363226452906,64.0,241.333333333,1.23361206055
256.0,0.75,64.0,577.333333333,1.1109662056
526.0,0.00951903807615,64.0,307.333333333,1.10984492302
494.0,0.00563627254509,64.0,339.333333333,1.19353604317
109.0,0.0625,64.0,724.333333333,1.17196178436
691.0,0.0271793587174,64.0,142.333333333,1.13799715042
505.0,0.00275551102204,64.0,328.333333333,1.00278306007
352.0,0.84375,64.0,481.333333333,1.11529994011
287.0,0.03125,64.0,546.333333333,1.02115702629
559.0,0.0187875751503,64.0,274.333333333,1.13174986839
528.0,0.0625,64.0,305.333333333,0.994217157364
721.0,0.125,64.0,112.333333333,1.07117509842
200.0,0.3125,64.0,633.333333333,1.03220510483
579.0,0.0625,64.0,254.333333333,1.01286482811
708.0,0.0405811623246,64.0,125.333333333,1.01066303253
583.0,0.1875,64.0,250.333333333,0.98731803894
604.0,0.875,64.0,229.333333333,1.10424995422
556.0,0.0232965931864,64.0,277.333333333,0.980051040649
250.0,0.625,64.0,583.333333333,1.12504291534
812.0,0.2750501002,64.0,21.3333333333,1.12484407425
788.0,0.121993987976,64.0,45.3333333333,1.1417350769
180.0,0.75,64.0,653.333333333,1.09138298035
74.0,0.03125,64.0,759.333333333,1.05147695541
197.0,0.875,64.0,636.333333333,1.06093287468
791.0,0.00225450901804,64.0,42.3333333333,1.06512188911
584.0,0.125,64.0,249.333333333,1.04086613655
589.0,0.125,64.0,244.333333333,1.15276193619
565.0,0.822895791583,64.0,268.333333333,1.11322283745
618.0,0.875,64.0,215.333333333,1.14714097977
613.0,0.75,64.0,220.333333333,1.11048913002
739.0,0.105961923848,64.0,94.3333333333,1.1016330719
442.0,0.125,64.0,391.333333333,1.18518209457
80.0,0.03125,64.0,753.333333333,1.03781509399
767.0,0.216683366733,64.0,66.3333333333,1.13148999214
820.0,0.064879759519,64.0,13.3333333333,1.11764597893
611.0,0.0625,64.0,222.333333333,0.994297027588
442.0,0.25,64.0,391.333333333,1.13879299164
314.0,0.03125,64.0,519.333333333,1.06541895866
728.0,0.0676352705411,64.0,105.333333333,1.02867889404
229.0,0.1875,64.0,604.333333333,1.17303586006
384.0,0.125,64.0,449.333333333,0.978581190109
319.0,0.125,64.0,514.333333333,1.11957812309
105.0,0.625,64.0,728.333333333,1.01256203651
767.0,0.00939378757515,64.0,66.3333333333,1.07242321968
37.0,0.5625,64.0,796.333333333,1.0981631279
758.0,0.0914328657315,64.0,75.3333333333,1.03921699524
553.0,0.375,64.0,280.333333333,0.962336063385
21.0,0.03125,64.0,812.333333333,1.04891705513
648.0,0.0313126252505,64.0,185.333333333,1.05078291893
518.0,0.125,64.0,315.333333333,1.0680038929
79.0,0.875,64.0,754.333333333,1.11726999283
514.0,0.0625,64.0,319.333333333,1.10785913467
472.0,0.0504759519038,64.0,361.333333333,1.15994310379
504.0,0.75,64.0,329.333333333,1.10993814468
60.0,0.0625,64.0,773.333333333,1.2105448246
593.0,0.0625,64.0,240.333333333,1.12720894814
278.0,0.03125,64.0,555.333333333,1.15926790237
495.0,0.1875,64.0,338.333333333,1.01225614548
665.0,0.0363226452906,64.0,168.333333333,1.00842618942
582.0,0.0309368737475,64.0,251.333333333,1.118309021
278.0,0.03125,64.0,555.333333333,1.05794119835
669.0,0.000751503006012,64.0,164.333333333,1.08442997932
390.0,0.125,64.0,443.333333333,1.17596197128
113.0,0.375,64.0,720.333333333,1.07047700882
472.0,0.125,64.0,361.333333333,1.17667007446
310.0,0.8125,64.0,523.333333333,1.07879495621
713.0,0.0195390781563,64.0,120.333333333,1.13735508919
629.0,0.0625,64.0,204.333333333,1.06676316261
586.0,0.125,64.0,247.333333333,1.04832100868
654.0,0.375,64.0,179.333333333,1.04010987282
188.0,0.03125,64.0,645.333333333,1.14367103577
705.0,0.84493987976,64.0,128.333333333,1.09926605225
315.0,0.0625,64.0,518.333333333,1.05699396133
526.0,0.0625,64.0,307.333333333,1.05257701874
613.0,0.0625,64.0,220.333333333,1.11458015442
596.0,0.0625,64.0,237.333333333,1.19193983078
468.0,0.5625,64.0,365.333333333,1.06109499931
662.0,0.0167835671343,64.0,171.333333333,1.06809210777
646.0,0.125,64.0,187.333333333,1.08194613457
383.0,0.375,64.0,450.333333333,1.15374684334
593.0,0.125,64.0,240.333333333,0.934374809265
717.0,0.308867735471,64.0,116.333333333,1.1709959507
618.0,0.125,64.0,215.333333333,1.07976508141
579.0,0.00325651302605,64.0,254.333333333,1.11425614357
561.0,0.125,64.0,272.333333333,1.11561989784
620.0,0.0325651302605,64.0,213.333333333,1.10951519012
501.0,0.625,64.0,332.333333333,1.16879701614
729.0,0.138026052104,64.0,104.333333333,1.08982515335
233.0,0.0625,64.0,600.333333333,1.09163308144
245.0,0.0625,64.0,588.333333333,1.05596184731
662.0,0.0625,64.0,171.333333333,1.06919193268
252.0,0.0625,64.0,581.333333333,1.1207549572
383.0,0.625,64.0,450.333333333,1.10898804665
84.0,0.0625,64.0,749.333333333,1.18017196655
354.0,0.4375,64.0,479.333333333,1.08318996429
724.0,0.289829659319,64.0,109.333333333,1.06046295166
742.0,0.0698897795591,64.0,91.3333333333,1.12633180618
433.0,0.875,64.0,400.333333333,1.03446006775
167.0,0.03125,64.0,666.333333333,1.11036491394
591.0,0.1875,64.0,242.333333333,1.02676320076
734.0,0.0984468937876,64.0,99.3333333333,0.97765994072
506.0,0.8125,64.0,327.333333333,1.08869099617
573.0,0.0625,64.0,260.333333333,1.06875491142
683.0,0.606963927856,64.0,150.333333333,1.15182900429
564.0,0.125,64.0,269.333333333,1.12077212334
582.0,0.0151553106212,64.0,251.333333333,1.14112019539
663.0,0.00325651302605,64.0,170.333333333,1.20717096329
546.0,0.75,64.0,287.333333333,1.28466105461
566.0,0.125,64.0,267.333333333,1.11683702469
695.0,0.0107715430862,64.0,138.333333333,1.25666689873
217.0,0.03125,64.0,616.333333333,1.32829499245
192.0,0.75,64.0,641.333333333,1.31038808823
658.0,0.787637775551,64.0,175.333333333,1.19240784645
670.0,0.410070140281,64.0,163.333333333,1.25433087349
752.0,0.0235470941884,64.0,81.3333333333,1.14092993736
266.0,0.6875,64.0,567.333333333,1.14304685593
417.0,0.75,64.0,416.333333333,1.19164085388
226.0,0.625,64.0,607.333333333,1.140365839
238.0,0.0625,64.0,595.333333333,1.19078803062
609.0,0.125,64.0,224.333333333,1.10441017151
778.0,0.0979458917836,64.0,55.3333333333,1.1041560173
649.0,0.625,64.0,184.333333333,1.15006184578
588.0,0.701903807615,64.0,245.333333333,1.14593100548
378.0,0.3125,64.0,455.333333333,1.03654098511
716.0,0.0625,64.0,117.333333333,1.08698010445
606.0,0.0625,64.0,227.333333333,1.13120293617
587.0,0.125,64.0,246.333333333,1.0144739151
253.0,0.0625,64.0,580.333333333,1.02405810356
492.0,0.875,64.0,341.333333333,1.08612895012
521.0,0.25,64.0,312.333333333,1.06697201729
474.0,0.651427855711,64.0,359.333333333,1.05315709114
715.0,0.625,64.0,118.333333333,1.13624095917
328.0,0.0204158316633,64.0,505.333333333,1.1269929409
393.0,0.875,64.0,440.333333333,1.09726786613
563.0,0.824899799599,64.0,270.333333333,1.11162900925
585.0,0.125,64.0,248.333333333,1.09077596664
303.0,0.90625,64.0,530.333333333,1.06820297241
655.0,0.0974448897796,64.0,178.333333333,1.11530685425
604.0,0.125,64.0,229.333333333,1.17635393143
177.0,0.03125,64.0,656.333333333,1.16452813148
607.0,0.0625,64.0,226.333333333,1.08252000809
635.0,0.00488476953908,64.0,198.333333333,1.07834601402
93.0,0.59375,64.0,740.333333333,1.12840986252
278.0,0.03125,64.0,555.333333333,1.10349678993
802.0,0.0538577154309,64.0,31.3333333333,1.02798485756
751.0,0.0678857715431,64.0,82.3333333333,1.03187608719
279.0,0.03125,64.0,554.333333333,1.07677698135
390.0,0.0625,64.0,443.333333333,1.07432198524
372.0,0.9375,64.0,461.333333333,1.06985807419
534.0,0.875,64.0,299.333333333,1.12010216713
716.0,0.0268036072144,64.0,117.333333333,1.20570421219
658.0,0.0195390781563,64.0,175.333333333,1.06694722176
349.0,0.0625,64.0,484.333333333,1.01483106613
783.0,0.375,64.0,50.3333333333,1.11349892616
721.0,0.00275551102204,64.0,112.333333333,1.1424369812
730.0,0.0117735470942,64.0,103.333333333,1.18869709969
37.0,0.03125,64.0,796.333333333,1.14796590805
243.0,0.0625,64.0,590.333333333,1.11603784561
626.0,0.125,64.0,207.333333333,1.04410600662
566.0,0.125,64.0,267.333333333,0.968696832657
741.0,0.0563627254509,64.0,92.3333333333,1.07681488991
736.0,0.0678857715431,64.0,97.3333333333,1.00660896301
231.0,0.1875,64.0,602.333333333,1.11169981956
696.0,0.558867735471,64.0,137.333333333,1.04000711441
349.0,0.625,64.0,484.333333333,1.12208390236
765.0,0.0237975951904,64.0,68.3333333333,1.24010109901
246.0,0.3125,64.0,587.333333333,1.13279604912
599.0,0.0563627254509,64.0,234.333333333,1.04041481018
574.0,0.802855711423,64.0,259.333333333,1.02764797211
308.0,0.875,64.0,525.333333333,1.08325314522
575.0,0.125,64.0,258.333333333,1.10877990723
764.0,0.0874248496994,64.0,69.3333333333,1.01708102226
167.0,0.125,64.0,666.333333333,1.13016295433
123.0,0.75,64.0,710.333333333,1.14918494225
684.0,0.0313126252505,64.0,149.333333333,1.0683259964
764.0,0.0383266533066,64.0,69.3333333333,0.998846054077
776.0,0.0117735470942,64.0,57.3333333333,1.14150381088
524.0,0.5625,64.0,309.333333333,1.07945585251
425.0,0.03125,64.0,408.333333333,1.04471087456
364.0,0.6875,64.0,469.333333333,1.20557594299
210.0,0.375,64.0,623.333333333,1.33386898041
440.0,0.125,64.0,393.333333333,1.24996495247
429.0,0.625,64.0,404.333333333,1.07706212997
705.0,0.10996993988,64.0,128.333333333,1.08595895767
748.0,0.0999498997996,64.0,85.3333333333,1.04218792915
581.0,0.00839178356713,64.0,252.333333333,1.1663069725
717.0,0.0553607214429,64.0,116.333333333,1.03213691711
159.0,0.9375,64.0,674.333333333,1.14380311966
622.0,0.125,64.0,211.333333333,1.09183597565
754.0,0.0448396793587,64.0,79.3333333333,1.08211898804
504.0,0.0625,64.0,329.333333333,1.06136798859
595.0,0.125,64.0,238.333333333,1.00824189186
206.0,0.0625,64.0,627.333333333,1.11395692825
574.0,0.0625,64.0,259.333333333,1.16948699951
481.0,0.90625,64.0,352.333333333,1.20839905739
224.0,0.03125,64.0,609.333333333,1.2714240551
118.0,0.75,64.0,715.333333333,1.20207500458
758.0,0.0946893787575,64.0,75.3333333333,1.08398914337
801.0,0.616482965932,64.0,32.3333333333,1.15261697769
311.0,0.0063877755511,64.0,522.333333333,1.13091897964
241.0,0.0625,64.0,592.333333333,1.19973397255
535.0,0.0625,64.0,298.333333333,1.10378289223
762.0,0.875,64.0,71.3333333333,1.16452598572
473.0,0.308867735471,64.0,360.333333333,1.14927816391
732.0,0.0438376753507,64.0,101.333333333,1.15531492233
737.0,0.0458416833667,64.0,96.3333333333,1.22461509705
631.0,0.0455911823647,64.0,202.333333333,1.16700983047
593.0,0.0374498997996,64.0,240.333333333,1.15274596214
684.0,0.00125250501002,64.0,149.333333333,1.05720996857
403.0,0.328907815631,64.0,430.333333333,1.11979103088
508.0,0.625,64.0,325.333333333,1.05966997147
589.0,0.125,64.0,244.333333333,1.10309386253
594.0,0.0625,64.0,239.333333333,1.14118289948
625.0,0.0625,64.0,208.333333333,1.07272291183
658.0,0.00676352705411,64.0,175.333333333,1.26657891273
590.0,0.9375,64.0,243.333333333,1.20171093941
272.0,0.0464679358717,64.0,561.333333333,1.19611787796
445.0,0.125,64.0,388.333333333,1.2614569664
264.0,0.0625,64.0,569.333333333,1.23871302605
593.0,0.125,64.0,240.333333333,1.00679993629
579.0,0.125,64.0,254.333333333,1.18476200104
